"Step","paper-pbt-combined-median-3278916-1 - fitness/mean","paper-pbt-combined-median-3278916-1 - fitness/mean__MIN","paper-pbt-combined-median-3278916-1 - fitness/mean__MAX"
"1","0.10484317615628243","0.10484317615628243","0.10484317615628243"
"2","0.5181126685192188","0.5181126685192188","0.5181126685192188"
"3","0.49538986446956795","0.49538986446956795","0.49538986446956795"
"4","0.5499030003945032","0.5499030003945032","0.5499030003945032"
"5","0.5008604461948077","0.5008604461948077","0.5008604461948077"
"6","0.3706292726099491","0.3706292726099491","0.3706292726099491"
"7","0.3842104698220889","0.3842104698220889","0.3842104698220889"
"8","0.3168588583668073","0.3168588583668073","0.3168588583668073"
"9","0.31440955189367137","0.31440955189367137","0.31440955189367137"
"10","0.3277824712296327","0.3277824712296327","0.3277824712296327"
"11","0.29322718307375906","0.29322718307375906","0.29322718307375906"
"12","0.2701183454444011","0.2701183454444011","0.2701183454444011"
"13","0.29965942179163296","0.29965942179163296","0.29965942179163296"
"14","0.294951556622982","0.294951556622982","0.294951556622982"
"15","0.2750828113406897","0.2750828113406897","0.2750828113406897"
"16","0.26111748330295087","0.26111748330295087","0.26111748330295087"
"17","0.2601636276890834","0.2601636276890834","0.2601636276890834"
"18","0.25931196523209415","0.25931196523209415","0.25931196523209415"
"19","0.26854024616380534","0.26854024616380534","0.26854024616380534"
"20","0.32785991082588833","0.32785991082588833","0.32785991082588833"
"21","0.28331378114720185","0.28331378114720185","0.28331378114720185"
"22","0.2742435928434134","0.2742435928434134","0.2742435928434134"
"23","0.2836499163260063","0.2836499163260063","0.2836499163260063"
"24","0.2615747097879648","0.2615747097879648","0.2615747097879648"
"25","0.28489028128484883","0.28489028128484883","0.28489028128484883"
"26","0.2979415763169527","0.2979415763169527","0.2979415763169527"
"27","0.2990991439670324","0.2990991439670324","0.2990991439670324"
"28","0.2795046086112658","0.2795046086112658","0.2795046086112658"
"29","0.3241697154939175","0.3241697154939175","0.3241697154939175"
"30","0.30893347362677254","0.30893347362677254","0.30893347362677254"
"31","0.33770399962862335","0.33770399962862335","0.33770399962862335"
"32","0.28596611867348354","0.28596611867348354","0.28596611867348354"
"33","0.28708504835764564","0.28708504835764564","0.28708504835764564"
"34","0.3244497422128916","0.3244497422128916","0.3244497422128916"
"35","0.34347198804219564","0.34347198804219564","0.34347198804219564"
"36","0.3485541140039762","0.3485541140039762","0.3485541140039762"
"37","0.31325160562992094","0.31325160562992094","0.31325160562992094"
"38","0.3620086540778478","0.3620086540778478","0.3620086540778478"
"39","0.308815635740757","0.308815635740757","0.308815635740757"
"40","0.3440553578237692","0.3440553578237692","0.3440553578237692"
"41","0.34587562071780364","0.34587562071780364","0.34587562071780364"
"42","0.3696908996750911","0.3696908996750911","0.3696908996750911"
"43","0.36075804171462855","0.36075804171462855","0.36075804171462855"
"44","0.36322903682788216","0.36322903682788216","0.36322903682788216"
"45","0.383057244370381","0.383057244370381","0.383057244370381"
"46","0.3201546620577574","0.3201546620577574","0.3201546620577574"
"47","0.47486476426323254","0.47486476426323254","0.47486476426323254"
"48","0.37777452915906906","0.37777452915906906","0.37777452915906906"
"49","0.3985557806988557","0.3985557806988557","0.3985557806988557"
"50","0.4103422753512859","0.4103422753512859","0.4103422753512859"
"51","0.3718562881151835","0.3718562881151835","0.3718562881151835"
"52","0.36950052753090856","0.36950052753090856","0.36950052753090856"
"53","0.5236048571765423","0.5236048571765423","0.5236048571765423"
"54","0.47278733005126317","0.47278733005126317","0.47278733005126317"
"55","0.3579803871611754","0.3579803871611754","0.3579803871611754"
"56","0.49525429668525855","0.49525429668525855","0.49525429668525855"
"57","0.40004031484325725","0.40004031484325725","0.40004031484325725"
"58","0.5010829930504163","0.5010829930504163","0.5010829930504163"
"59","0.5049604011078676","0.5049604011078676","0.5049604011078676"
"60","0.49197998518745106","0.49197998518745106","0.49197998518745106"
"61","0.3889093625048796","0.3889093625048796","0.3889093625048796"
"62","0.5014970816671849","0.5014970816671849","0.5014970816671849"
"63","0.5165402916570504","0.5165402916570504","0.5165402916570504"
"64","0.5321380496025085","0.5321380496025085","0.5321380496025085"
"65","0.5009279464681943","0.5009279464681943","0.5009279464681943"
"66","0.3957555640488863","0.3957555640488863","0.3957555640488863"
"67","0.5416530201832453","0.5416530201832453","0.5416530201832453"
"68","0.5372047958274683","0.5372047958274683","0.5372047958274683"
"69","0.39556860625743867","0.39556860625743867","0.39556860625743867"
"70","0.5156906038522721","0.5156906038522721","0.5156906038522721"
"71","0.40892532107730706","0.40892532107730706","0.40892532107730706"
"72","0.4464230207105478","0.4464230207105478","0.4464230207105478"
"73","0.511526171118021","0.511526171118021","0.511526171118021"
"74","0.43551233063141503","0.43551233063141503","0.43551233063141503"
"75","0.5212524232765039","0.5212524232765039","0.5212524232765039"
"76","0.6062393125146628","0.6062393125146628","0.6062393125146628"
"77","0.5652485040326913","0.5652485040326913","0.5652485040326913"
"78","0.5478246344874302","0.5478246344874302","0.5478246344874302"
"79","0.5564070197443167","0.5564070197443167","0.5564070197443167"
"80","0.5508203084270159","0.5508203084270159","0.5508203084270159"
"81","0.39910819257299107","0.39910819257299107","0.39910819257299107"
"82","0.37990198147793613","0.37990198147793613","0.37990198147793613"
"83","0.39243760965764524","0.39243760965764524","0.39243760965764524"
"84","0.3578161879132191","0.3578161879132191","0.3578161879132191"
"85","0.38921951279044154","0.38921951279044154","0.38921951279044154"
"86","0.4531312506645918","0.4531312506645918","0.4531312506645918"
"87","0.44211749657988547","0.44211749657988547","0.44211749657988547"
"88","0.47984217554330827","0.47984217554330827","0.47984217554330827"
"89","0.4283336194852988","0.4283336194852988","0.4283336194852988"
"90","0.44891585384806","0.44891585384806","0.44891585384806"
"91","0.599040879185001","0.599040879185001","0.599040879185001"
"92","0.5895865858842929","0.5895865858842929","0.5895865858842929"
"93","0.5867078752567371","0.5867078752567371","0.5867078752567371"
"94","0.587772329027454","0.587772329027454","0.587772329027454"
"95","0.5813007216900588","0.5813007216900588","0.5813007216900588"
"96","0.4415955958267053","0.4415955958267053","0.4415955958267053"
"97","0.42706352807581427","0.42706352807581427","0.42706352807581427"
"98","0.46584347561001777","0.46584347561001777","0.46584347561001777"
"99","0.4193947633107503","0.4193947633107503","0.4193947633107503"
"100","0.4267630785703659","0.4267630785703659","0.4267630785703659"
"101","0.5935037694871426","0.5935037694871426","0.5935037694871426"
"102","0.575465868661801","0.575465868661801","0.575465868661801"
"103","0.43591942054529986","0.43591942054529986","0.43591942054529986"
"104","0.5746328088144461","0.5746328088144461","0.5746328088144461"
"105","0.4189002729952335","0.4189002729952335","0.4189002729952335"
"106","0.5853089902549982","0.5853089902549982","0.5853089902549982"
"107","0.6067172513653835","0.6067172513653835","0.6067172513653835"
"108","0.5776007492095232","0.5776007492095232","0.5776007492095232"
"109","0.5447566802302997","0.5447566802302997","0.5447566802302997"
"110","0.5610216000427802","0.5610216000427802","0.5610216000427802"
"111","0.38848278199632963","0.38848278199632963","0.38848278199632963"
"112","0.39561823531985285","0.39561823531985285","0.39561823531985285"
"113","0.5234230024119219","0.5234230024119219","0.5234230024119219"
"114","0.5234676696360111","0.5234676696360111","0.5234676696360111"
"115","0.43414951538046204","0.43414951538046204","0.43414951538046204"
"116","0.5311493247747421","0.5311493247747421","0.5311493247747421"
"117","0.5713651485741138","0.5713651485741138","0.5713651485741138"
"118","0.5731940607229868","0.5731940607229868","0.5731940607229868"
"119","0.5531291378041109","0.5531291378041109","0.5531291378041109"
"120","0.5340298882375161","0.5340298882375161","0.5340298882375161"
"121","0.5518113262951374","0.5518113262951374","0.5518113262951374"
"122","0.5722000422577064","0.5722000422577064","0.5722000422577064"
"123","0.5603226443131765","0.5603226443131765","0.5603226443131765"
"124","0.5630807317793369","0.5630807317793369","0.5630807317793369"
"125","0.5259914048016071","0.5259914048016071","0.5259914048016071"
"126","0.5808885112404824","0.5808885112404824","0.5808885112404824"
"127","0.536087604239583","0.536087604239583","0.536087604239583"
"128","0.5509975818296273","0.5509975818296273","0.5509975818296273"
"129","0.5589793610076109","0.5589793610076109","0.5589793610076109"
"130","0.5225237516065439","0.5225237516065439","0.5225237516065439"
"131","0.5238100287814935","0.5238100287814935","0.5238100287814935"
"132","0.5375676186134418","0.5375676186134418","0.5375676186134418"
"133","0.5377589041988055","0.5377589041988055","0.5377589041988055"
"134","0.534374575316906","0.534374575316906","0.534374575316906"
"135","0.5720539157589276","0.5720539157589276","0.5720539157589276"
"136","0.5697867469241221","0.5697867469241221","0.5697867469241221"
"137","0.5748928867280483","0.5748928867280483","0.5748928867280483"
"138","0.5411116580168406","0.5411116580168406","0.5411116580168406"
"139","0.5120157084117333","0.5120157084117333","0.5120157084117333"
"140","0.548610657453537","0.548610657453537","0.548610657453537"
"141","0.5148078622917335","0.5148078622917335","0.5148078622917335"
"142","0.5029620985190074","0.5029620985190074","0.5029620985190074"
"143","0.5402032131950061","0.5402032131950061","0.5402032131950061"
"144","0.5356216198454301","0.5356216198454301","0.5356216198454301"
"145","0.5075639195740222","0.5075639195740222","0.5075639195740222"
"146","0.5402418067057927","0.5402418067057927","0.5402418067057927"
"147","0.5115244773526987","0.5115244773526987","0.5115244773526987"
"148","0.5327319947381814","0.5327319947381814","0.5327319947381814"
"149","0.5447668460508187","0.5447668460508187","0.5447668460508187"
"150","0.5339227773249149","0.5339227773249149","0.5339227773249149"
"151","0.5130349333087604","0.5130349333087604","0.5130349333087604"
"152","0.49426475341121356","0.49426475341121356","0.49426475341121356"
"153","0.5553705702225368","0.5553705702225368","0.5553705702225368"
"154","0.5218743942677975","0.5218743942677975","0.5218743942677975"
"155","0.5389508374035359","0.5389508374035359","0.5389508374035359"
"156","0.5312193468213081","0.5312193468213081","0.5312193468213081"
"157","0.5036058594783147","0.5036058594783147","0.5036058594783147"
"158","0.5189851860205332","0.5189851860205332","0.5189851860205332"
"159","0.4982010630269845","0.4982010630269845","0.4982010630269845"
"160","0.5027233973145485","0.5027233973145485","0.5027233973145485"
"161","0.5750940474371116","0.5750940474371116","0.5750940474371116"
"162","0.5678905880699555","0.5678905880699555","0.5678905880699555"
"163","0.5489955286184947","0.5489955286184947","0.5489955286184947"
"164","0.5671395073334377","0.5671395073334377","0.5671395073334377"
"165","0.5352287955582142","0.5352287955582142","0.5352287955582142"
"166","0.5693122747043768","0.5693122747043768","0.5693122747043768"
"167","0.5504044490555923","0.5504044490555923","0.5504044490555923"
"168","0.5698488156000773","0.5698488156000773","0.5698488156000773"
"169","0.5527852999667326","0.5527852999667326","0.5527852999667326"
"170","0.5329064565400282","0.5329064565400282","0.5329064565400282"
"171","0.5080189404388269","0.5080189404388269","0.5080189404388269"
"172","0.5488706804811955","0.5488706804811955","0.5488706804811955"
"173","0.5377711902062098","0.5377711902062098","0.5377711902062098"
"174","0.5333778927723567","0.5333778927723567","0.5333778927723567"
"175","0.5350093732277552","0.5350093732277552","0.5350093732277552"
"176","0.5384147703647614","0.5384147703647614","0.5384147703647614"
"177","0.5509748699764411","0.5509748699764411","0.5509748699764411"
"178","0.5468486448129019","0.5468486448129019","0.5468486448129019"
"179","0.5517962170143922","0.5517962170143922","0.5517962170143922"
"180","0.49846906065940855","0.49846906065940855","0.49846906065940855"
"181","0.5432547631363074","0.5432547631363074","0.5432547631363074"
"182","0.5340721527735393","0.5340721527735393","0.5340721527735393"
"183","0.5692890013257662","0.5692890013257662","0.5692890013257662"
"184","0.5459062111874421","0.5459062111874421","0.5459062111874421"
"185","0.5369923584163189","0.5369923584163189","0.5369923584163189"
"186","0.5262501068413258","0.5262501068413258","0.5262501068413258"
"187","0.5358918776114782","0.5358918776114782","0.5358918776114782"
"188","0.5062611510356267","0.5062611510356267","0.5062611510356267"
"189","0.5280034991602103","0.5280034991602103","0.5280034991602103"
"190","0.5470046550035477","0.5470046550035477","0.5470046550035477"
"191","0.5593538671731949","0.5593538671731949","0.5593538671731949"
"192","0.5814274579286576","0.5814274579286576","0.5814274579286576"
"193","0.5353846197326978","0.5353846197326978","0.5353846197326978"
"194","0.5855582858125369","0.5855582858125369","0.5855582858125369"
"195","0.5986467229823271","0.5986467229823271","0.5986467229823271"
"196","0.5045534081757068","0.5045534081757068","0.5045534081757068"
"197","0.5414858311414719","0.5414858311414719","0.5414858311414719"
"198","0.5308021719257037","0.5308021719257037","0.5308021719257037"
"199","0.5261324311296145","0.5261324311296145","0.5261324311296145"
"200","0.5574374159177145","0.5574374159177145","0.5574374159177145"
"201","0.5182372820874055","0.5182372820874055","0.5182372820874055"
"202","0.524508481969436","0.524508481969436","0.524508481969436"
"203","0.5632208940883477","0.5632208940883477","0.5632208940883477"
"204","0.5240491072336833","0.5240491072336833","0.5240491072336833"
"205","0.5669738528629144","0.5669738528629144","0.5669738528629144"
"206","0.5383636015156905","0.5383636015156905","0.5383636015156905"
"207","0.5442334113021692","0.5442334113021692","0.5442334113021692"
"208","0.527198526263237","0.527198526263237","0.527198526263237"
"209","0.5333024464547634","0.5333024464547634","0.5333024464547634"
"210","0.4929280422627926","0.4929280422627926","0.4929280422627926"
"211","0.5255673425892989","0.5255673425892989","0.5255673425892989"
"212","0.5285720159610112","0.5285720159610112","0.5285720159610112"
"213","0.5216708164662123","0.5216708164662123","0.5216708164662123"
"214","0.5545765799780686","0.5545765799780686","0.5545765799780686"
"215","0.5266816126803557","0.5266816126803557","0.5266816126803557"
"216","0.5072711169719696","0.5072711169719696","0.5072711169719696"
"217","0.4928434227903684","0.4928434227903684","0.4928434227903684"
"218","0.5055380433797836","0.5055380433797836","0.5055380433797836"
"219","0.49480257332324984","0.49480257332324984","0.49480257332324984"
"220","0.5162054936091105","0.5162054936091105","0.5162054936091105"
"221","0.5005599923431874","0.5005599923431874","0.5005599923431874"
"222","0.49829878062009814","0.49829878062009814","0.49829878062009814"
"223","0.4873313029607137","0.4873313029607137","0.4873313029607137"
"224","0.508453269302845","0.508453269302845","0.508453269302845"
"225","0.496217359850804","0.496217359850804","0.496217359850804"
"226","0.4967713018258413","0.4967713018258413","0.4967713018258413"
"227","0.517043736204505","0.517043736204505","0.517043736204505"
"228","0.5286264265576999","0.5286264265576999","0.5286264265576999"
"229","0.4806586111585299","0.4806586111585299","0.4806586111585299"
"230","0.47118686785300573","0.47118686785300573","0.47118686785300573"
"231","0.49469057396054267","0.49469057396054267","0.49469057396054267"
"232","0.49274509847164155","0.49274509847164155","0.49274509847164155"
"233","0.5139407845834891","0.5139407845834891","0.5139407845834891"
"234","0.48945876906315483","0.48945876906315483","0.48945876906315483"
"235","0.5113771339257558","0.5113771339257558","0.5113771339257558"
"236","0.5330283656716347","0.5330283656716347","0.5330283656716347"
"237","0.5056732860704263","0.5056732860704263","0.5056732860704263"
"238","0.5016037620604038","0.5016037620604038","0.5016037620604038"
"239","0.5336883619427681","0.5336883619427681","0.5336883619427681"
"240","0.5231108983357747","0.5231108983357747","0.5231108983357747"
"241","0.5434290210405985","0.5434290210405985","0.5434290210405985"
"242","0.49317027802268665","0.49317027802268665","0.49317027802268665"
"243","0.5118150825301806","0.5118150825301806","0.5118150825301806"
"244","0.53301002557079","0.53301002557079","0.53301002557079"
"245","0.5595360202093919","0.5595360202093919","0.5595360202093919"
"246","0.5359270177781582","0.5359270177781582","0.5359270177781582"
"247","0.5576501910885175","0.5576501910885175","0.5576501910885175"
"248","0.526616819947958","0.526616819947958","0.526616819947958"
"249","0.5683202306429546","0.5683202306429546","0.5683202306429546"
"250","0.55055776288112","0.55055776288112","0.55055776288112"
"251","0.4915514702598254","0.4915514702598254","0.4915514702598254"
"252","0.5365004422763984","0.5365004422763984","0.5365004422763984"
"253","0.5099667956431707","0.5099667956431707","0.5099667956431707"
"254","0.5014741567273935","0.5014741567273935","0.5014741567273935"
"255","0.5864198515812556","0.5864198515812556","0.5864198515812556"
"256","0.5234713291128477","0.5234713291128477","0.5234713291128477"
"257","0.5032536755005519","0.5032536755005519","0.5032536755005519"
"258","0.5224847324192524","0.5224847324192524","0.5224847324192524"
"259","0.5380571340521176","0.5380571340521176","0.5380571340521176"
"260","0.510797151674827","0.510797151674827","0.510797151674827"
"261","0.518992434690396","0.518992434690396","0.518992434690396"
"262","0.5204904769857724","0.5204904769857724","0.5204904769857724"
"263","0.55860279550155","0.55860279550155","0.55860279550155"
"264","0.5510891241331896","0.5510891241331896","0.5510891241331896"
"265","0.5245655645926793","0.5245655645926793","0.5245655645926793"
"266","0.5034239667157332","0.5034239667157332","0.5034239667157332"
"267","0.5140290136138598","0.5140290136138598","0.5140290136138598"
"268","0.5152176727851232","0.5152176727851232","0.5152176727851232"
"269","0.5018877888719241","0.5018877888719241","0.5018877888719241"
"270","0.5349884492655596","0.5349884492655596","0.5349884492655596"
"271","0.5094933224221071","0.5094933224221071","0.5094933224221071"
"272","0.5085597291588784","0.5085597291588784","0.5085597291588784"
"273","0.5352247901260853","0.5352247901260853","0.5352247901260853"
"274","0.5106183474262556","0.5106183474262556","0.5106183474262556"
"275","0.5386786629756292","0.5386786629756292","0.5386786629756292"
"276","0.5012100343902905","0.5012100343902905","0.5012100343902905"
"277","0.515318273504575","0.515318273504575","0.515318273504575"
"278","0.533739033093055","0.533739033093055","0.533739033093055"
"279","0.4954990535974503","0.4954990535974503","0.4954990535974503"
"280","0.5131515512863795","0.5131515512863795","0.5131515512863795"
"281","0.49668972690900165","0.49668972690900165","0.49668972690900165"
"282","0.539227336893479","0.539227336893479","0.539227336893479"
"283","0.49820243815581006","0.49820243815581006","0.49820243815581006"
"284","0.5135035917162896","0.5135035917162896","0.5135035917162896"
"285","0.5642612372835477","0.5642612372835477","0.5642612372835477"
"286","0.5225862982372443","0.5225862982372443","0.5225862982372443"
"287","0.4974590453008811","0.4974590453008811","0.4974590453008811"
"288","0.4830171858270963","0.4830171858270963","0.4830171858270963"
"289","0.5115096901853879","0.5115096901853879","0.5115096901853879"
"290","0.5125361318389575","0.5125361318389575","0.5125361318389575"
"291","0.5043485748271147","0.5043485748271147","0.5043485748271147"
"292","0.4822109262148539","0.4822109262148539","0.4822109262148539"
"293","0.5156437853972117","0.5156437853972117","0.5156437853972117"
"294","0.47479953890045484","0.47479953890045484","0.47479953890045484"
"295","0.47499188780784607","0.47499188780784607","0.47499188780784607"
"296","0.5104049456616243","0.5104049456616243","0.5104049456616243"
"297","0.49563551023602487","0.49563551023602487","0.49563551023602487"
"298","0.516978547970454","0.516978547970454","0.516978547970454"
"299","0.5033047837515672","0.5033047837515672","0.5033047837515672"
"300","0.493587139993906","0.493587139993906","0.493587139993906"
"301","0.49028121878703435","0.49028121878703435","0.49028121878703435"
"302","0.5129637834926446","0.5129637834926446","0.5129637834926446"
"303","0.4965903346737226","0.4965903346737226","0.4965903346737226"
"304","0.504133903235197","0.504133903235197","0.504133903235197"
"305","0.49105802352229755","0.49105802352229755","0.49105802352229755"
"306","0.46431758801142375","0.46431758801142375","0.46431758801142375"
"307","0.5088347348074118","0.5088347348074118","0.5088347348074118"
"308","0.4849278328319391","0.4849278328319391","0.4849278328319391"
"309","0.48072650531927746","0.48072650531927746","0.48072650531927746"
"310","0.4600890738268693","0.4600890738268693","0.4600890738268693"
"311","0.4790082606176535","0.4790082606176535","0.4790082606176535"
"312","0.4850142791867256","0.4850142791867256","0.4850142791867256"
"313","0.4845379121601582","0.4845379121601582","0.4845379121601582"
"314","0.4703548476099968","0.4703548476099968","0.4703548476099968"
"315","0.48980341081817946","0.48980341081817946","0.48980341081817946"
"316","0.46799059336384136","0.46799059336384136","0.46799059336384136"
"317","0.454309244453907","0.454309244453907","0.454309244453907"
"318","0.48808669596910476","0.48808669596910476","0.48808669596910476"
"319","0.5090715882678827","0.5090715882678827","0.5090715882678827"
"320","0.46141586229205134","0.46141586229205134","0.46141586229205134"
"321","0.4819325918952624","0.4819325918952624","0.4819325918952624"
"322","0.49782194520036377","0.49782194520036377","0.49782194520036377"
"323","0.47826092938582104","0.47826092938582104","0.47826092938582104"
"324","0.47480794911583263","0.47480794911583263","0.47480794911583263"
"325","0.4569614666203658","0.4569614666203658","0.4569614666203658"
"326","0.5015416122972965","0.5015416122972965","0.5015416122972965"
"327","0.5657024664183458","0.5657024664183458","0.5657024664183458"
"328","0.5150639514128367","0.5150639514128367","0.5150639514128367"
"329","0.5293987912436326","0.5293987912436326","0.5293987912436326"
"330","0.5217152704795202","0.5217152704795202","0.5217152704795202"
"331","0.5264734911421934","0.5264734911421934","0.5264734911421934"
"332","0.5371308284501235","0.5371308284501235","0.5371308284501235"
"333","0.5743580450614293","0.5743580450614293","0.5743580450614293"
"334","0.5526473484933376","0.5526473484933376","0.5526473484933376"
"335","0.5523782680432002","0.5523782680432002","0.5523782680432002"
"336","0.5416327985624473","0.5416327985624473","0.5416327985624473"
"337","0.5485310395558675","0.5485310395558675","0.5485310395558675"
"338","0.5438549598058064","0.5438549598058064","0.5438549598058064"
"339","0.5425734430551529","0.5425734430551529","0.5425734430551529"
"340","0.5664463967084885","0.5664463967084885","0.5664463967084885"
"341","0.5637145946423213","0.5637145946423213","0.5637145946423213"
"342","0.5601506364842256","0.5601506364842256","0.5601506364842256"
"343","0.5756146105627219","0.5756146105627219","0.5756146105627219"
"344","0.5829074924190839","0.5829074924190839","0.5829074924190839"
"345","0.5552815365294616","0.5552815365294616","0.5552815365294616"
"346","0.5655644955734412","0.5655644955734412","0.5655644955734412"
"347","0.551977813243866","0.551977813243866","0.551977813243866"
"348","0.5933630081514517","0.5933630081514517","0.5933630081514517"
"349","0.5660682765146097","0.5660682765146097","0.5660682765146097"
"350","0.5707413340608279","0.5707413340608279","0.5707413340608279"
"351","0.5621824863056342","0.5621824863056342","0.5621824863056342"
"352","0.5854668331642946","0.5854668331642946","0.5854668331642946"
"353","0.5873520088692507","0.5873520088692507","0.5873520088692507"
"354","0.5651121569176515","0.5651121569176515","0.5651121569176515"
"355","0.5462323531508446","0.5462323531508446","0.5462323531508446"
"356","0.5977018853028615","0.5977018853028615","0.5977018853028615"
"357","0.6212263082464536","0.6212263082464536","0.6212263082464536"
"358","0.5920751065015792","0.5920751065015792","0.5920751065015792"
"359","0.6079561524093151","0.6079561524093151","0.6079561524093151"
"360","0.6132750362157822","0.6132750362157822","0.6132750362157822"
"361","0.5640865499774615","0.5640865499774615","0.5640865499774615"
"362","0.6120969583590825","0.6120969583590825","0.6120969583590825"
"363","0.6135269840558369","0.6135269840558369","0.6135269840558369"
"364","0.5622054614126683","0.5622054614126683","0.5622054614126683"
"365","0.5305737021068732","0.5305737021068732","0.5305737021068732"
"366","0.5790624988575777","0.5790624988575777","0.5790624988575777"
"367","0.5537467452387015","0.5537467452387015","0.5537467452387015"
"368","0.5622168451547622","0.5622168451547622","0.5622168451547622"
"369","0.539439112196366","0.539439112196366","0.539439112196366"
"370","0.5711719289422035","0.5711719289422035","0.5711719289422035"
"371","0.6018236604829629","0.6018236604829629","0.6018236604829629"
"372","0.5785659973820051","0.5785659973820051","0.5785659973820051"
"373","0.5832437478005886","0.5832437478005886","0.5832437478005886"
"374","0.6058039898673694","0.6058039898673694","0.6058039898673694"
"375","0.5907453718284766","0.5907453718284766","0.5907453718284766"
"376","0.5280589873592059","0.5280589873592059","0.5280589873592059"
"377","0.5960937584439914","0.5960937584439914","0.5960937584439914"
"378","0.5388971914847692","0.5388971914847692","0.5388971914847692"
"379","0.5471820523341496","0.5471820523341496","0.5471820523341496"
"380","0.5480928701659044","0.5480928701659044","0.5480928701659044"
"381","0.48375906397898993","0.48375906397898993","0.48375906397898993"
"382","0.5537916623055935","0.5537916623055935","0.5537916623055935"
"383","0.5248985091845194","0.5248985091845194","0.5248985091845194"
"384","0.5091314698259036","0.5091314698259036","0.5091314698259036"
"385","0.5208385286231836","0.5208385286231836","0.5208385286231836"
"386","0.5337361581623554","0.5337361581623554","0.5337361581623554"
"387","0.5320995894571146","0.5320995894571146","0.5320995894571146"
"388","0.5289818135400614","0.5289818135400614","0.5289818135400614"
"389","0.5394541817406814","0.5394541817406814","0.5394541817406814"
"390","0.540124952296416","0.540124952296416","0.540124952296416"
"391","0.5479186045626799","0.5479186045626799","0.5479186045626799"
"392","0.5390605688095093","0.5390605688095093","0.5390605688095093"
"393","0.5518134735524655","0.5518134735524655","0.5518134735524655"
"394","0.5518307998776436","0.5518307998776436","0.5518307998776436"
"395","0.5580114379525185","0.5580114379525185","0.5580114379525185"
"396","0.5344523074726264","0.5344523074726264","0.5344523074726264"
"397","0.49623295068740847","0.49623295068740847","0.49623295068740847"
"398","0.5286616725226243","0.5286616725226243","0.5286616725226243"
"399","0.5568616839746634","0.5568616839746634","0.5568616839746634"
"400","0.5117851093411445","0.5117851093411445","0.5117851093411445"
"401","0.5592351925869783","0.5592351925869783","0.5592351925869783"
"402","0.5388080740968386","0.5388080740968386","0.5388080740968386"
"403","0.5368957606454691","0.5368957606454691","0.5368957606454691"
"404","0.5279510393738747","0.5279510393738747","0.5279510393738747"
"405","0.5116903901100158","0.5116903901100158","0.5116903901100158"
"406","0.5435362182557583","0.5435362182557583","0.5435362182557583"
"407","0.5279660445948442","0.5279660445948442","0.5279660445948442"
"408","0.5308749849597613","0.5308749849597613","0.5308749849597613"
"409","0.5582761896153291","0.5582761896153291","0.5582761896153291"
"410","0.5335314638912678","0.5335314638912678","0.5335314638912678"
"411","0.5103387765586376","0.5103387765586376","0.5103387765586376"
"412","0.523787523061037","0.523787523061037","0.523787523061037"
"413","0.5577501485745112","0.5577501485745112","0.5577501485745112"
"414","0.5089646808803081","0.5089646808803081","0.5089646808803081"
"415","0.536105594287316","0.536105594287316","0.536105594287316"
"416","0.5359892509877682","0.5359892509877682","0.5359892509877682"
"417","0.5249909708897272","0.5249909708897272","0.5249909708897272"
"418","0.534560673435529","0.534560673435529","0.534560673435529"
"419","0.548340089370807","0.548340089370807","0.548340089370807"
"420","0.5078213892877101","0.5078213892877101","0.5078213892877101"
"421","0.5712589514752229","0.5712589514752229","0.5712589514752229"
"422","0.5799745127558709","0.5799745127558709","0.5799745127558709"
"423","0.5431915896634261","0.5431915896634261","0.5431915896634261"
"424","0.58817326699694","0.58817326699694","0.58817326699694"
"425","0.5591198109090328","0.5591198109090328","0.5591198109090328"
"426","0.5473550801475843","0.5473550801475843","0.5473550801475843"
"427","0.5626968239744504","0.5626968239744504","0.5626968239744504"
"428","0.5900159195065499","0.5900159195065499","0.5900159195065499"
"429","0.5158961360653241","0.5158961360653241","0.5158961360653241"
"430","0.5789804202814897","0.5789804202814897","0.5789804202814897"
"431","0.57710452824831","0.57710452824831","0.57710452824831"
"432","0.5590520339707533","0.5590520339707533","0.5590520339707533"
"433","0.5934976994991302","0.5934976994991302","0.5934976994991302"
"434","0.6119138931234678","0.6119138931234678","0.6119138931234678"
"435","0.6041469618678093","0.6041469618678093","0.6041469618678093"
"436","0.5574022834499677","0.5574022834499677","0.5574022834499677"
"437","0.5256422055264314","0.5256422055264314","0.5256422055264314"
"438","0.565766499688228","0.565766499688228","0.565766499688228"
"439","0.5770490417877833","0.5770490417877833","0.5770490417877833"
"440","0.6130621624489625","0.6130621624489625","0.6130621624489625"
"441","0.6406890297929446","0.6406890297929446","0.6406890297929446"
"442","0.599512297163407","0.599512297163407","0.599512297163407"
"443","0.5504718864957492","0.5504718864957492","0.5504718864957492"
"444","0.5776542710761229","0.5776542710761229","0.5776542710761229"
"445","0.5751269496977329","0.5751269496977329","0.5751269496977329"
"446","0.5675541078050931","0.5675541078050931","0.5675541078050931"
"447","0.5832226042946179","0.5832226042946179","0.5832226042946179"
"448","0.579027225325505","0.579027225325505","0.579027225325505"
"449","0.6022381929059824","0.6022381929059824","0.6022381929059824"
"450","0.585826700180769","0.585826700180769","0.585826700180769"
"451","0.558497157941262","0.558497157941262","0.558497157941262"
"452","0.6167423521478971","0.6167423521478971","0.6167423521478971"
"453","0.5956520905097326","0.5956520905097326","0.5956520905097326"
"454","0.5888584015270074","0.5888584015270074","0.5888584015270074"
"455","0.5855474839607875","0.5855474839607875","0.5855474839607875"
"456","0.572581930210193","0.572581930210193","0.572581930210193"
"457","0.5563015406330426","0.5563015406330426","0.5563015406330426"
"458","0.5999657129247983","0.5999657129247983","0.5999657129247983"
"459","0.5585611330966155","0.5585611330966155","0.5585611330966155"
"460","0.5714795676370462","0.5714795676370462","0.5714795676370462"
"461","0.6218724340200424","0.6218724340200424","0.6218724340200424"
"462","0.5992483938733737","0.5992483938733737","0.5992483938733737"
"463","0.6214558797578017","0.6214558797578017","0.6214558797578017"
"464","0.6161497287452221","0.6161497287452221","0.6161497287452221"
"465","0.5930947691202164","0.5930947691202164","0.5930947691202164"
"466","0.582571578770876","0.582571578770876","0.582571578770876"
"467","0.5750646588702997","0.5750646588702997","0.5750646588702997"
"468","0.5690421665708224","0.5690421665708224","0.5690421665708224"
"469","0.5807068102061749","0.5807068102061749","0.5807068102061749"
"470","0.5651945061981678","0.5651945061981678","0.5651945061981678"
"471","0.6491865513225397","0.6491865513225397","0.6491865513225397"
"472","0.6373130763570468","0.6373130763570468","0.6373130763570468"
"473","0.5738843771318595","0.5738843771318595","0.5738843771318595"
"474","0.5625047055383523","0.5625047055383523","0.5625047055383523"
"475","0.5770999737083912","0.5770999737083912","0.5770999737083912"
"476","0.6101126057406266","0.6101126057406266","0.6101126057406266"
"477","0.5846078266700109","0.5846078266700109","0.5846078266700109"
"478","0.5907680578529835","0.5907680578529835","0.5907680578529835"
"479","0.5701297198732694","0.5701297198732694","0.5701297198732694"
"480","0.5926505071421464","0.5926505071421464","0.5926505071421464"
"481","0.5856776617467403","0.5856776617467403","0.5856776617467403"
"482","0.5873001602788767","0.5873001602788767","0.5873001602788767"
"483","0.5784876393775146","0.5784876393775146","0.5784876393775146"
"484","0.6066217186550299","0.6066217186550299","0.6066217186550299"
"485","0.5743842390676339","0.5743842390676339","0.5743842390676339"
"486","0.616922082255284","0.616922082255284","0.616922082255284"
"487","0.54460439234972","0.54460439234972","0.54460439234972"
"488","0.5825824121634166","0.5825824121634166","0.5825824121634166"
"489","0.5766453204055627","0.5766453204055627","0.5766453204055627"
"490","0.5842334652940432","0.5842334652940432","0.5842334652940432"
"491","0.54124160160621","0.54124160160621","0.54124160160621"
"492","0.5764504559338093","0.5764504559338093","0.5764504559338093"
"493","0.5652083319922289","0.5652083319922289","0.5652083319922289"
"494","0.5630323946475982","0.5630323946475982","0.5630323946475982"
"495","0.5582320973277092","0.5582320973277092","0.5582320973277092"
"496","0.5801416533688705","0.5801416533688705","0.5801416533688705"
"497","0.5617324682573478","0.5617324682573478","0.5617324682573478"
"498","0.5671614256997903","0.5671614256997903","0.5671614256997903"
"499","0.5487495956321558","0.5487495956321558","0.5487495956321558"
"500","0.589799240231514","0.589799240231514","0.589799240231514"